,precision,recall,f1-score,support
Видео,0.8254278728606357,0.7988641741599621,0.8119288119288119,4226.0
ДЗ,0.8731109210151127,0.8163156491602239,0.843758611187655,3751.0
Лонгрид,0.1544502617801047,0.2957393483709273,0.20292347377472056,399.0
Тест,0.6715328467153284,0.7104247104247104,0.6904315196998124,259.0
accuracy,0.7805442964678634,0.7805442964678634,0.7805442964678634,0.7805442964678634
macro avg,0.6311304755927953,0.655335970528956,0.63726060414775,8635.0
weighted avg,0.8105211253255664,0.7805442964678634,0.7939708094284214,8635.0
